Date,Av­er­age views per view­er,Unique view­ers,Im­pres­sions click-through rate (%),Im­pres­sions,Com­ments ad­ded,Shares,Likes (vs. dis­likes) (%),Dis­likes,Sub­scribers lost,Sub­scribers gained,Likes,Av­er­age per­cent­age viewed (%),Videos pub­lished,Videos ad­ded,Sub­scribers,Views,Watch time (hours),Av­er­age view dur­a­tion,Your es­tim­ated rev­en­ue (USD)
Total,0,0,4.58,1223416160,311307,168500,98.64,56657,206404,907386,4100995,35.66,126,175,700982,75465700,5744314.074,00:04:34,29631.538
01-01-2019,1.4639,263,10.18,2534,8,0,100,0,0,6,23,19.9,1,1,6,385,12.6678,00:01:58,0
02-01-2019,1.6851,362,10.81,4081,10,1,95,1,1,6,19,20.94,,,5,610,27.3475,00:02:41,0
03-01-2019,1.7042,409,11.49,4395,6,2,100,0,0,21,29,18.7,,,21,697,26.0088,00:02:14,0
04-01-2019,1.712,368,12.22,3774,8,0,89.47,2,2,16,17,19.58,,,14,630,26.2028,00:02:29,0
05-01-2019,1.6991,575,12.97,5711,2,1,96,1,0,22,24,18.89,,,22,977,39.8792,00:02:26,0
06-01-2019,1.654,604,13.67,5318,3,2,100,0,1,21,19,17.25,,,20,999,35.2706,00:02:07,0
07-01-2019,1.7019,624,12.5,5705,6,2,97.06,1,7,20,33,17.67,1,1,13,1062,38.8084,00:02:11,0
08-01-2019,1.7044,1394,12.9,12996,15,2,94.94,4,1,45,75,19.2,,,44,2376,81.2545,00:02:03,0
09-01-2019,1.6848,1304,13.15,13000,12,0,96.2,3,4,43,76,19.76,,,39,2197,79.1681,00:02:09,0
10-01-2019,1.6133,905,11.5,9978,3,1,100,0,0,19,44,19.76,,,19,1460,51.7504,00:02:07,0
11-01-2019,1.6181,995,12.77,10128,9,3,97.73,1,2,23,43,22.15,,,21,1610,63.03,00:02:20,0
12-01-2019,1.7276,1560,14.37,15311,13,10,97.14,3,1,63,102,24.35,,,62,2695,116.1337,00:02:35,0
13-01-2019,1.7211,3206,14.22,31949,36,17,97.33,5,9,140,182,23.92,,,131,5518,236.3784,00:02:34,0
14-01-2019,1.6586,6881,14.72,62213,63,28,96.57,17,56,246,478,24.97,1,1,190,11413,486.7209,00:02:33,0
15-01-2019,1.6563,8514,12.66,88532,91,31,96.76,18,12,246,537,25.89,,,234,14102,604.1679,00:02:34,0
16-01-2019,1.7152,20910,14.43,198774,102,99,94.12,67,33,552,1073,25.33,,,519,35865,1537.5677,00:02:34,0
17-01-2019,1.6365,28025,12.95,276308,145,66,94.52,73,41,709,1260,23.08,,,668,45862,1762.7948,00:02:18,0
18-01-2019,1.5772,24234,11.98,243750,89,51,95.56,48,32,525,1034,22.34,,,493,38222,1391.7898,00:02:11,0
19-01-2019,1.5522,22805,11.48,236438,68,54,95.12,41,44,483,799,22.76,,,439,35397,1296.1232,00:02:11,0
20-01-2019,1.5021,12941,10.68,138946,67,31,95.93,22,22,249,518,23.96,1,1,227,19439,717.4992,00:02:12,0
21-01-2019,1.4601,11335,10.05,125273,95,39,97.51,16,19,214,626,29.89,,,195,16550,611.9717,00:02:13,0
22-01-2019,1.5346,7245,8.7,95419,304,20,96.68,13,12,226,378,25.55,0,3,214,11118,400.827,00:02:09,0
23-01-2019,1.6029,3946,8.03,58502,33,7,96.18,6,9,112,151,27.11,0,0,103,6325,227.9962,00:02:09,0.765
24-01-2019,1.4402,3480,8.39,44674,92,19,99.71,1,12,84,341,32.45,1,1,72,5012,220.2557,00:02:38,1.89
25-01-2019,1.3421,6273,8.46,77105,114,55,99.21,5,14,99,626,36.63,0,0,85,8419,399.5677,00:02:50,3.09
26-01-2019,1.4654,6235,7.72,91991,74,41,99.03,4,19,148,408,32.22,0,0,129,9137,393.5285,00:02:35,2.873
27-01-2019,1.5735,2523,7.56,39856,13,7,99.3,1,8,77,142,27.57,0,0,69,3970,151.5491,00:02:17,1.17
28-01-2019,1.5442,2091,7.11,34494,12,13,97.85,2,6,64,91,27.54,0,1,58,3229,124.8178,00:02:19,0.842
29-01-2019,1.6337,2181,7.19,36756,25,3,98.78,2,11,72,162,27.57,1,1,61,3563,139.6889,00:02:21,0.992
30-01-2019,1.3393,11065,8.64,134165,138,19,98.98,8,18,174,779,40.45,0,0,156,14819,657.3504,00:02:39,6.685
31-01-2019,1.407,12866,7.62,187599,39,25,95.96,20,20,239,475,35.01,0,0,219,18103,712.8374,00:02:21,5.637
01-02-2019,1.494,5721,7.34,87398,19,12,95.83,9,11,140,207,29.58,0,0,129,8547,322.6796,00:02:15,2.65
02-02-2019,1.5374,7892,7.57,119287,1336,25,98.46,7,28,147,448,10.95,1,1,119,12133,705.7747,00:03:29,4.676
03-02-2019,1.5819,5269,7.77,78486,28,16,97.85,5,9,119,228,13.99,0,0,110,8335,310.1862,00:02:13,4.055
04-02-2019,1.517,4466,7.35,64749,13,5,97.66,4,8,87,167,16.49,0,0,79,6775,237.8702,00:02:06,2.985
05-02-2019,1.5086,5419,8.05,71817,72,16,99.13,4,6,71,456,24.04,1,1,65,8175,306.18,00:02:14,2.856
06-02-2019,1.4916,3969,7.73,54696,31,9,97.21,6,12,67,209,20.74,0,0,55,5920,218.2732,00:02:12,2.215
07-02-2019,1.5462,5895,7.62,85238,118,17,99.22,4,14,117,506,27.68,1,1,103,9115,365.6517,00:02:24,3.858
08-02-2019,1.5577,4316,5.92,82553,20,5,93.94,10,9,74,155,23.23,0,0,65,6723,237.572,00:02:07,1.908
09-02-2019,1.6293,2587,6.57,45276,26,2,98.23,2,7,65,111,21.2,0,0,58,4215,151.1926,00:02:09,1.657
10-02-2019,1.7038,2910,7.39,45770,17,5,97.24,4,6,76,141,18.81,0,0,70,4958,157.4406,00:01:54,1.839
11-02-2019,1.642,2863,7.74,41221,11,7,99.19,1,13,70,122,20.42,1,2,57,4701,149.6594,00:01:54,1.94
12-02-2019,1.445,4052,6.99,60082,65,11,99.02,3,14,76,304,29.01,0,0,62,5855,246.5174,00:02:31,2.191
13-02-2019,1.5427,1828,6.74,30143,19,2,93.51,5,4,37,72,23.52,0,0,33,2820,105.6886,00:02:14,1.105
14-02-2019,1.5979,1527,6.78,26338,16,4,98.92,1,3,44,92,22.45,1,1,41,2440,97.3526,00:02:23,1.048
15-02-2019,1.4043,5642,8.77,67826,85,22,99.44,3,16,98,529,37.3,0,0,82,7923,606.5221,00:04:35,6.325
16-02-2019,1.5784,5660,8.59,80643,23,6,98.56,4,4,124,273,26.59,0,0,120,8934,475.5415,00:03:11,4.042
17-02-2019,1.4732,6437,8.03,92763,28,16,97.62,7,6,157,287,25.23,0,0,151,9483,485.5307,00:03:04,4.333
18-02-2019,1.5011,5408,7.18,85795,16,17,99.12,2,9,138,225,22.91,0,0,129,8118,364.8183,00:02:41,3.394
19-02-2019,1.5795,6079,7.36,100114,20,17,98.44,4,24,153,253,24.55,0,0,129,9602,468.1098,00:02:55,4.232
20-02-2019,1.6138,5785,7.7,90697,27,20,97.13,9,9,170,305,24.91,0,0,161,9336,451.894,00:02:54,5.12
21-02-2019,1.6484,4559,8.29,67836,16,7,97.48,6,8,158,232,25.63,0,0,150,7515,372.4299,00:02:58,4.017
22-02-2019,1.6154,4176,7.48,69163,31,13,97.92,4,6,139,188,24.29,0,0,133,6746,309.0868,00:02:44,4.278
23-02-2019,1.5206,4771,8.12,67251,17,11,94.72,14,22,147,251,26.21,0,0,125,7255,357.1323,00:02:57,4.005
24-02-2019,1.6983,8209,8.24,125023,1094,19,98.63,9,30,185,650,14.24,3,4,155,13941,776.5155,00:03:20,9.305
25-02-2019,1.6012,5210,7.6,82155,20,20,97.64,6,15,130,248,16.78,0,0,115,8342,419.7142,00:03:01,4.002
26-02-2019,1.5351,5436,8.75,71442,21,19,98.15,5,11,146,266,22.11,0,0,135,8345,374.5192,00:02:41,5.382
27-02-2019,1.4785,7355,9.26,90194,25,16,96.53,12,15,174,334,25.44,0,0,159,10874,484.1604,00:02:40,5.014
28-02-2019,1.4819,12168,9.65,146738,38,30,99.04,5,16,308,515,26.24,0,0,292,18032,780.315,00:02:35,9.015
01-03-2019,1.4256,17108,8.53,217896,99,49,97.59,21,30,342,852,28.12,1,1,312,24389,1069.1649,00:02:37,10.593
02-03-2019,1.4426,12253,8.74,157874,36,20,98.2,9,17,270,491,26.12,0,0,253,17676,735.0168,00:02:29,6.588
03-03-2019,1.4949,8151,7.86,121578,25,24,99.14,3,24,214,345,25.57,0,0,190,12185,520.1244,00:02:33,3.391
04-03-2019,1.472,4574,7.91,65096,10,15,96.15,7,10,112,175,24.28,0,0,102,6733,281.6787,00:02:30,2.445
05-03-2019,1.5497,3107,7.53,49715,14,5,97.76,3,9,89,131,23.58,0,0,80,4815,222.753,00:02:46,1.98
06-03-2019,1.5158,3482,8.45,46739,5,9,98.05,3,11,99,151,22.64,0,0,88,5278,242.4458,00:02:45,2.457
07-03-2019,1.5805,3132,8.6,44608,10,10,97.48,3,12,133,116,21.14,0,0,121,4950,223.9637,00:02:42,2.401
08-03-2019,1.5234,2568,8.14,36033,8,6,91.86,7,12,78,79,21.04,0,0,66,3912,173.242,00:02:39,1.972
09-03-2019,1.506,2994,8.47,40381,5,8,96.23,4,16,83,102,22.05,0,0,67,4509,196.1747,00:02:36,1.957
10-03-2019,1.4958,2997,8.47,41239,8,8,99.13,1,5,83,114,24.71,0,0,78,4483,201.7741,00:02:42,1.543
11-03-2019,1.4963,3220,8.73,41884,10,16,98.29,2,6,82,115,26.15,0,0,76,4818,226.4792,00:02:49,2.41
12-03-2019,1.3983,6646,8.48,82016,135,80,99.21,5,20,108,624,30.87,1,1,88,9293,402.6273,00:02:35,5.152
13-03-2019,1.4417,8605,7.51,129538,39,44,96.58,15,7,141,424,25.68,0,0,134,12406,459.9411,00:02:13,3.917
14-03-2019,1.481,7486,8.02,107788,33,33,97.94,7,17,139,333,27.97,0,0,122,11087,459.0242,00:02:29,3.495
15-03-2019,1.488,8006,6.92,132432,24,22,98.33,6,16,156,353,27.8,0,0,140,11913,490.2198,00:02:28,3.805
16-03-2019,1.477,9236,7.02,152180,35,35,96.34,16,15,179,421,29.91,0,0,164,13642,550.3314,00:02:25,3.816
17-03-2019,1.4497,10889,7.62,163015,37,67,96.73,18,16,185,533,28.82,0,0,169,15786,588.9983,00:02:14,4.708
18-03-2019,1.4174,11479,7.96,156391,59,79,95.99,24,24,218,574,29.03,0,0,194,16270,597.3261,00:02:12,4.601
19-03-2019,1.416,10798,8.25,142646,58,57,95.01,26,0,209,495,27.88,0,0,209,15290,558.3768,00:02:11,4.185
20-03-2019,1.413,11130,8.08,149569,34,69,96.36,17,22,213,450,26.23,0,0,191,15727,547.0603,00:02:05,4.036
21-03-2019,1.3813,8143,7.56,112409,36,34,96.07,12,11,133,293,26.55,0,0,122,11248,396.6017,00:02:06,2.751
22-03-2019,1.3993,4546,6.98,67974,10,27,97.22,5,21,97,175,26.59,0,0,76,6361,240.3858,00:02:16,2.475
23-03-2019,1.4394,3903,7.88,54598,14,17,97.66,3,12,75,125,25.12,0,0,63,5618,214.9141,00:02:17,2.467
24-03-2019,1.4325,3709,8.06,49416,12,9,95.1,7,11,79,136,24.01,0,0,68,5313,196.9162,00:02:13,1.651
25-03-2019,1.4379,3814,8.21,51635,12,17,93.84,9,7,82,137,24.42,0,0,75,5484,199.8006,00:02:11,2.246
26-03-2019,1.4503,3451,7.74,49273,12,12,96.32,5,18,83,131,25.86,0,0,65,5005,193.7301,00:02:19,1.717
27-03-2019,1.4122,7402,8.43,92322,124,32,99.34,4,25,106,599,33.44,1,1,81,10453,655.657,00:03:45,5.553
28-03-2019,1.4003,9801,8.13,128112,54,33,98.11,9,21,145,466,27.93,0,0,124,13724,741.0043,00:03:14,6.12
29-03-2019,1.4595,6514,7.54,93916,34,23,98.02,6,13,112,297,26.76,0,0,99,9507,471.3315,00:02:58,4.183
30-03-2019,1.4376,6334,7.61,89191,23,21,97.39,7,9,81,261,25.64,0,0,72,9106,418.8698,00:02:45,4.113
31-03-2019,1.4877,5805,7.82,82743,20,25,96.53,7,10,107,195,25.7,0,0,97,8636,409.2898,00:02:50,4.411
01-04-2019,1.483,5795,7.96,79469,15,18,97.13,5,5,107,169,24.6,0,0,102,8594,398.1698,00:02:46,4.478
02-04-2019,1.4827,6544,8.3,84802,14,17,97.44,6,3,108,228,23.97,0,0,105,9703,450.941,00:02:47,4.895
03-04-2019,1.4844,6846,8.51,88367,19,30,96.81,6,12,151,182,22.91,0,0,139,10162,455.8841,00:02:41,4.914
04-04-2019,1.4511,9475,8.27,117520,21,31,99.01,3,23,183,299,21.58,0,0,160,13749,592.3567,00:02:35,6.996
05-04-2019,1.511,8736,8.27,113501,22,22,96.42,10,12,155,269,22.09,0,0,143,13200,579.8988,00:02:38,6.006
06-04-2019,1.5169,7210,8.27,97710,10,18,96.97,7,10,130,224,21.37,0,0,120,10937,448.0049,00:02:27,4.943
07-04-2019,1.4809,5275,7.99,71102,6,13,96.95,5,9,93,159,21.78,0,0,84,7812,320.5707,00:02:27,3.562
08-04-2019,1.48,4221,7.82,56900,16,15,99.39,1,10,81,162,21.89,0,0,71,6247,256.4877,00:02:27,2.805
09-04-2019,1.5239,3949,7.72,55593,12,11,100,0,10,75,132,21.3,0,0,65,6018,245.8182,00:02:27,3.087
10-04-2019,1.5165,3760,7.58,54279,10,6,96.24,5,13,93,128,22.68,0,0,80,5702,242.1799,00:02:32,2.714
11-04-2019,1.4912,3339,7.4,47482,10,10,95.96,4,12,79,95,22.45,0,0,67,4979,214.561,00:02:35,2.745
12-04-2019,1.5112,3631,7.43,52181,10,18,94.74,5,7,90,90,22.22,0,0,83,5487,232.9109,00:02:32,2.995
13-04-2019,1.5867,3327,7.64,49960,8,12,92.55,7,8,72,87,24.05,0,0,64,5279,244.5486,00:02:46,2.879
14-04-2019,1.4819,3652,7.8,50967,7,11,100,0,9,85,101,22.58,0,0,76,5412,229.8027,00:02:32,2.443
15-04-2019,1.5207,4204,7.97,58599,9,6,99.21,1,11,83,125,23.29,0,0,72,6393,284.698,00:02:40,4.073
16-04-2019,1.5191,5471,7.95,77021,25,11,98.65,2,12,103,146,21.36,0,0,91,8311,347.466,00:02:30,5.293
17-04-2019,1.5171,6535,7.67,90257,22,13,95.22,10,12,144,199,22.3,0,0,132,9914,445.3865,00:02:41,7.22
18-04-2019,1.4762,8874,7.89,120315,65,20,98.26,8,25,135,453,28.28,1,1,110,13100,784.0256,00:03:35,8.788
19-04-2019,1.5175,8531,7.54,126269,32,23,97.93,8,10,134,378,26.09,0,0,124,12946,705.1633,00:03:16,6.661
20-04-2019,1.5778,5855,7.14,93219,13,16,95.71,9,14,107,201,24.05,0,0,93,9238,453.8376,00:02:56,5.076
21-04-2019,1.5268,4975,7.65,72550,14,14,96.36,6,10,102,159,24.19,0,0,92,7596,347.8084,00:02:44,3.911
22-04-2019,1.5234,4316,7.58,64321,17,13,96.67,5,11,94,145,24.5,0,0,83,6575,309.983,00:02:49,3.44
23-04-2019,1.5054,4163,7.8,59927,10,12,99.24,1,10,67,131,23.69,0,0,57,6267,290.8815,00:02:47,3.847
24-04-2019,1.5734,3507,8.05,51751,7,14,98.4,2,6,76,123,23.4,0,0,70,5518,256.4642,00:02:47,2.788
25-04-2019,1.4694,3183,8.02,45303,8,8,96.69,4,11,57,117,24.27,0,0,46,4677,219.22,00:02:48,2.318
26-04-2019,1.4654,3255,8.13,45730,11,10,97.69,3,10,59,127,25.46,0,0,49,4770,217.6515,00:02:44,2.747
27-04-2019,1.4629,2899,8.03,40862,7,9,93.75,7,5,61,105,23.84,0,0,56,4241,177.0157,00:02:30,1.675
28-04-2019,1.4227,2839,8.15,39322,6,11,95.18,4,13,47,79,25.58,0,0,34,4039,169.5306,00:02:31,1.365
29-04-2019,1.4314,2733,8.37,37757,8,4,95.24,4,8,43,80,23.15,0,0,35,3912,146.7822,00:02:15,1.254
30-04-2019,1.3806,2727,8.24,36556,14,10,95.06,4,3,52,77,25.22,0,0,49,3765,150.8648,00:02:24,1.334
01-05-2019,1.4938,6172,8.56,82412,64,22,98.76,6,20,73,477,33.08,1,1,53,9220,587.3249,00:03:49,4.173
02-05-2019,1.5472,13051,9.19,171292,27,18,98.19,8,20,211,435,23.99,0,0,191,20192,1012.6816,00:03:00,10.529
03-05-2019,1.5932,11213,8.6,161213,28,14,98.06,8,22,179,405,24.22,0,0,157,17865,871.0481,00:02:55,9.81
04-05-2019,1.578,7453,8.08,111571,31,11,94.57,14,17,138,244,24.57,0,0,121,11761,567.2658,00:02:53,6.079
05-05-2019,1.6091,5375,7.8,82192,12,7,96.67,7,6,115,203,23.89,0,0,109,8649,397.0504,00:02:45,5.489
06-05-2019,1.5978,4160,7.63,66793,13,11,98.43,2,9,68,125,25.48,0,0,59,6647,320.3501,00:02:53,3.285
07-05-2019,1.5677,4245,7.71,67873,15,9,97.86,3,15,95,137,25.06,0,0,80,6655,317.3461,00:02:51,3.284
08-05-2019,1.5532,12739,9.12,164394,91,24,96.64,27,22,223,777,28.22,1,1,201,19786,1057.3096,00:03:12,13.43
09-05-2019,1.5198,18207,9.1,233742,46,28,96.08,30,16,290,735,23.03,0,0,274,27671,1231.8775,00:02:40,16.065
10-05-2019,1.5352,14492,8.48,193156,41,22,96.69,16,24,264,467,20.59,0,0,240,22248,926.0219,00:02:29,15.758
11-05-2019,1.5023,15273,8.55,191170,30,22,95.57,17,23,231,367,18.31,0,0,208,22944,863.7662,00:02:15,16.8
12-05-2019,1.4684,11737,7.77,157557,30,21,96.12,12,23,203,297,17.69,0,0,180,17235,620.7024,00:02:09,12.457
13-05-2019,1.5107,10081,8.02,140224,18,6,96.67,10,20,162,290,19.14,0,0,142,15229,582.2652,00:02:17,9.915
14-05-2019,1.5143,16927,8.6,214243,164,30,98.13,19,33,222,999,28.16,1,1,189,25632,1327.7768,00:03:06,22.873
15-05-2019,1.5591,26430,8.27,367530,98,48,96.65,37,30,368,1067,27.54,0,0,338,41208,2026.0944,00:02:57,27.535
16-05-2019,1.6732,19240,7.52,315505,53,37,96.08,28,36,316,686,26.33,0,0,280,32193,1572.8606,00:02:55,21.604
17-05-2019,1.572,23762,7.39,368686,106,44,97.21,29,27,374,1009,27.12,1,1,347,37353,1808.8299,00:02:54,25.571
18-05-2019,1.6234,21880,7.81,336909,66,53,96.46,31,34,435,844,26.12,0,0,401,35521,1684.9227,00:02:50,22.505
19-05-2019,1.5783,19478,7.78,294634,62,29,96.92,24,32,358,754,26.24,0,0,326,30742,1456.3416,00:02:50,15.554
20-05-2019,1.5748,24169,8.02,367447,65,58,96.25,40,37,451,1028,28.16,0,0,414,38061,1916.2439,00:03:01,19.769
21-05-2019,1.6112,28589,8.04,439621,91,78,95.65,61,44,627,1342,28.47,0,0,583,46063,2351.3596,00:03:03,19.956
22-05-2019,1.6097,19171,7.66,315664,44,56,97.01,27,38,439,875,29.52,0,0,401,30859,1598.5392,00:03:06,12.042
23-05-2019,1.6256,16105,7.45,274897,57,49,96.22,28,23,328,712,29.65,1,1,305,26181,1354.4051,00:03:06,9.615
24-05-2019,1.5474,17507,6.45,321925,95,42,97.57,26,36,284,1044,31.09,0,0,248,27090,1465.1937,00:03:14,10.734
25-05-2019,1.586,14139,6.72,262715,40,41,96.3,29,18,268,754,28.37,0,0,250,22425,1122.278,00:03:00,8.037
26-05-2019,1.5416,12257,7.12,212842,26,30,96.35,23,28,240,607,28.11,0,0,212,18896,942.451,00:02:59,6.737
27-05-2019,1.5256,11335,7.12,193483,38,25,96.96,16,17,222,510,27.02,0,0,205,17293,839.2141,00:02:54,5.566
28-05-2019,1.5004,10841,7.34,179830,33,31,95.92,19,23,213,447,27.04,0,0,190,16266,774.5095,00:02:51,4.78
29-05-2019,1.5015,15964,7.75,238812,186,67,97.71,28,36,367,1197,27.22,1,1,331,23970,1236.4082,00:03:05,12.896
30-05-2019,1.4852,14370,7.14,229556,77,44,98.58,13,20,320,904,25.68,0,0,300,21343,1003.7672,00:02:49,9.946
31-05-2019,1.523,9611,7.59,152976,34,32,96.91,17,23,228,534,27.7,0,0,205,14638,696.1298,00:02:51,7.055
01-06-2019,1.4912,7458,7.49,117794,24,18,98.94,4,20,174,375,26.92,0,0,154,11121,500.7895,00:02:42,3.258
02-06-2019,1.4371,14058,8.1,194352,133,45,99.33,8,29,232,1178,35.95,1,1,203,20203,1248.9671,00:03:42,8.26
03-06-2019,1.4406,11906,7.22,185839,54,48,97.67,15,28,206,628,31.41,0,0,178,17152,900.1142,00:03:08,5.755
04-06-2019,1.4804,5373,5.91,103349,40,19,97.23,9,24,141,316,31.26,0,0,117,7954,420.5782,00:03:10,2.479
05-06-2019,1.4517,7884,6.24,136970,126,47,98.32,11,38,176,643,24.03,1,1,138,11445,549.3121,00:02:52,7.714
06-06-2019,1.4895,1898,5.03,38870,17,5,100,0,19,51,98,24.57,0,0,32,2827,132.7672,00:02:49,1.405
07-06-2019,1.6667,564,4.49,14668,3,3,92.31,3,12,31,36,20.44,0,0,19,940,36.8354,00:02:21,0.42
08-06-2019,1.4798,446,4.85,9007,3,1,96.67,1,11,14,29,19.59,0,0,3,660,26.0859,00:02:22,0.379
09-06-2019,1.6563,323,4.96,7536,3,2,92.86,1,6,9,13,19.77,0,0,3,535,20.1928,00:02:15,0.345
10-06-2019,1.316,2446,6.78,33456,67,4,99.69,1,27,19,320,36.11,1,2,-8,3219,297.1865,00:05:32,3.147
11-06-2019,1.3455,1829,5.47,32014,14,11,98.28,2,9,17,114,29.49,0,0,8,2461,182.2616,00:04:26,1.58
12-06-2019,1.2996,1629,5.76,27800,9,3,100,0,15,34,64,26.28,0,0,19,2117,100.3671,00:02:50,0.963
13-06-2019,1.2972,1356,5.6,23682,10,4,94.12,2,7,22,32,27.09,0,0,15,1759,81.425,00:02:46,0.62
14-06-2019,1.2823,5038,7.77,62232,65,24,97.8,11,27,41,489,39.47,1,1,14,6460,299.1425,00:02:46,3.544
15-06-2019,1.2347,4878,6.93,68521,27,12,97.46,7,14,33,269,36.95,0,0,19,6023,254.4412,00:02:32,2.491
16-06-2019,1.3134,2843,4.86,59420,14,13,96.48,5,6,33,137,32.51,0,0,27,3734,152.7848,00:02:27,1.704
17-06-2019,1.3106,2534,4.84,53272,10,11,96.72,4,7,31,118,30.77,0,0,24,3321,129.6908,00:02:20,1.483
18-06-2019,1.3196,3654,6.41,61659,24,13,96.49,6,15,67,165,35.72,0,0,52,4822,209.2285,00:02:36,2.111
19-06-2019,1.3192,7196,7.97,95131,51,34,97.93,9,28,90,425,32,1,1,62,9493,407.3768,00:02:34,3.911
20-06-2019,1.3713,2187,5.64,39491,14,8,95.7,4,14,29,89,28.68,0,0,15,2999,129.9433,00:02:35,1.791
21-06-2019,1.4151,2250,5.88,41977,9,18,96.91,3,11,30,94,30.27,0,0,19,3184,141.0837,00:02:39,1.334
22-06-2019,1.4086,2565,5.79,48288,16,12,95.97,5,9,46,119,29.47,0,0,37,3613,149.2684,00:02:28,2.326
23-06-2019,1.4412,1770,5.52,37776,9,4,93.65,4,10,28,59,28.36,0,0,18,2551,99.1161,00:02:19,1.088
24-06-2019,1.3961,1371,6.19,24450,3,7,97.18,2,9,22,69,28.57,0,0,13,1914,72.3909,00:02:16,1.074
25-06-2019,1.4713,1239,6.28,22701,5,5,93.75,3,12,31,45,27.91,0,0,19,1823,72.2466,00:02:22,0.858
26-06-2019,1.4033,1148,6.6,19251,4,4,95.24,2,8,18,40,29.43,0,0,10,1611,64.9281,00:02:25,0.568
27-06-2019,1.301,794,6.25,12892,2,1,100,0,3,6,11,28.57,0,0,3,1033,37.6538,00:02:11,0.35
28-06-2019,1.3714,587,6.32,9752,2,13,100,0,5,12,22,27.38,0,0,7,805,30.3068,00:02:15,0.235
29-06-2019,1.4368,380,5.88,7200,1,8,88.89,3,5,12,24,25.87,0,0,7,546,21.8317,00:02:23,0.156
30-06-2019,1.3353,662,7.16,9848,2,5,100,0,4,13,30,29.28,0,0,9,884,34.6625,00:02:21,0.314
01-07-2019,1.3662,497,5.84,8409,1,5,100,0,5,10,19,31.19,0,0,5,679,29.6554,00:02:37,0.174
02-07-2019,1.4259,594,6.99,9172,0,3,94.44,1,5,11,17,30.31,0,0,6,847,35.9029,00:02:32,0.25
03-07-2019,1.3503,471,6.32,7451,1,3,100,0,14,10,15,26.13,0,0,-4,636,24.4187,00:02:18,0.262
04-07-2019,1.3316,591,6.83,9093,2,3,100,0,8,9,15,30.7,0,0,1,787,33.5781,00:02:33,0.242
05-07-2019,1.2885,468,6.26,6912,3,0,87.5,2,8,12,14,30.7,0,0,4,603,26.1292,00:02:35,0.146
06-07-2019,1.3739,444,6.17,7650,8,5,100,0,6,9,22,28.57,0,0,3,610,24.3045,00:02:23,0.217
07-07-2019,1.3685,540,6.77,8571,2,2,100,0,9,12,12,28.57,0,0,3,739,29.7964,00:02:25,0.213
08-07-2019,1.2897,1108,8.76,12921,5,2,94.74,3,6,30,54,31.7,0,0,24,1429,55.1265,00:02:18,0.361
09-07-2019,1.2531,897,8.35,10713,3,4,97.22,1,9,19,35,34.74,0,0,10,1124,46.6616,00:02:29,0.251
10-07-2019,1.2319,1475,8.71,16464,8,7,97.18,2,5,22,69,32.2,0,0,17,1817,68.2389,00:02:15,0.332
11-07-2019,1.1858,2675,9.61,27017,3,13,98.26,2,4,43,113,34.79,0,0,39,3172,120.0917,00:02:16,0.752
12-07-2019,1.1785,3103,9.49,31141,7,17,97.41,3,9,57,113,36.39,0,0,48,3657,141.337,00:02:19,0.731
13-07-2019,1.1725,4598,9.11,48397,13,15,96.55,6,6,68,168,35.89,0,0,62,5391,202.093,00:02:14,1.743
14-07-2019,1.2037,5714,8.19,67264,13,25,96.02,7,16,83,169,35.31,0,0,67,6878,251.1171,00:02:11,2.506
15-07-2019,1.1786,6698,7.79,80078,12,37,97.26,6,9,84,213,34.64,0,0,75,7894,276.7091,00:02:06,2.419
16-07-2019,1.1386,7107,8.27,77346,5,36,95.34,9,17,95,184,36.03,0,0,78,8092,285.6912,00:02:07,2.993
17-07-2019,1.2356,6889,8.27,77506,58,21,97.49,11,22,71,427,37.37,1,1,49,8512,449.3147,00:03:10,5.826
18-07-2019,1.2399,5806,6.71,82388,24,14,97.93,6,13,77,284,31.49,0,0,64,7199,353.7647,00:02:56,3.47
19-07-2019,1.2925,2427,6.6,36770,9,5,95.59,6,6,34,130,32.55,0,0,28,3137,142.4073,00:02:43,1.701
20-07-2019,1.2104,1754,6.54,25999,7,4,98.15,1,10,20,53,30.79,0,0,10,2123,87.8498,00:02:28,1.129
21-07-2019,1.2672,1699,6.62,25822,4,6,96.3,2,9,20,52,30.97,0,0,11,2153,87.0509,00:02:25,1.142
22-07-2019,1.2775,1802,6.69,26543,6,8,97.87,1,8,29,46,29.73,0,0,21,2302,91.1893,00:02:22,1.172
23-07-2019,1.2766,1540,6.75,23626,3,12,96.36,2,7,24,53,30.98,0,0,17,1966,81.4052,00:02:29,1.011
24-07-2019,1.2616,1231,5.64,21688,1,4,96.88,1,6,14,31,27.86,0,0,8,1553,60.2926,00:02:19,0.826
25-07-2019,1.3522,971,6.27,17285,2,5,96.3,1,9,19,26,26.9,0,0,10,1313,52.2014,00:02:23,0.618
26-07-2019,1.3123,855,5.91,15446,3,0,78.57,3,6,12,11,25.14,0,0,6,1122,38.1313,00:02:02,0.487
27-07-2019,1.3281,896,6.02,15393,2,3,95.83,1,8,14,23,28.41,0,0,6,1190,49.0016,00:02:28,0.77
28-07-2019,1.359,1064,6.9,16445,0,5,100,0,8,14,30,26.5,0,0,6,1446,55.7753,00:02:18,0.71
29-07-2019,1.3605,799,6.67,13293,2,5,100,0,7,16,14,25.37,0,0,9,1087,38.5667,00:02:07,0.468
30-07-2019,1.2956,778,6.73,12728,1,9,100,0,9,20,24,26.27,0,0,11,1008,35.6503,00:02:07,0.367
31-07-2019,1.3635,751,6.56,12642,3,2,94.74,1,6,16,18,25.33,0,0,10,1024,34.9625,00:02:02,0.531
01-08-2019,1.3512,766,6.71,12533,1,1,100,0,6,8,21,22.9,0,0,2,1035,31.6414,00:01:50,0.191
02-08-2019,1.3201,703,5.74,12350,2,3,100,0,9,14,18,21.9,0,0,5,928,26.7583,00:01:43,0.33
03-08-2019,1.3187,659,5.81,11913,0,3,100,0,6,10,13,22.91,0,0,4,869,26.3142,00:01:49,0.272
04-08-2019,1.3438,637,6.03,11313,1,0,95.24,1,11,13,20,25.21,0,0,2,856,26.5513,00:01:51,0.168
05-08-2019,1.2533,600,5.89,10635,1,5,100,0,7,9,13,22.77,0,0,2,752,20.2973,00:01:37,0.19
06-08-2019,1.3046,591,5.83,10965,0,1,100,0,4,8,20,23.85,0,0,4,771,24.0447,00:01:52,0.316
07-08-2019,1.3707,704,6.71,11766,4,1,94.12,1,11,13,16,23.58,0,0,2,965,29.758,00:01:51,0.293
08-08-2019,1.4052,612,6.49,10686,0,1,100,0,8,9,13,22.42,0,0,1,860,26.2586,00:01:49,0.271
09-08-2019,1.2731,681,6.59,11110,0,3,95.65,1,12,9,22,23.77,0,0,-3,867,24.9948,00:01:43,0.226
10-08-2019,1.3365,639,5.9,11428,3,1,100,0,6,11,18,23.21,0,0,5,854,26.2725,00:01:50,0.332
11-08-2019,1.3313,667,6.05,12241,0,3,100,0,8,13,20,24.05,0,0,5,888,28.2848,00:01:54,0.262
12-08-2019,1.4238,623,6.12,11124,1,1,95.83,1,10,15,23,25.71,0,0,5,887,32.304,00:02:11,0.277
13-08-2019,1.3664,565,6.02,10509,2,2,100,0,5,12,18,26.98,0,0,7,772,28.5004,00:02:12,0.254
14-08-2019,1.3533,518,5.28,10382,4,1,91.67,2,6,7,22,23.22,0,0,1,701,22.3024,00:01:54,0.452
15-08-2019,1.3039,533,5.43,10188,2,5,100,0,1,14,12,24.08,0,0,13,695,22.062,00:01:54,0.169
16-08-2019,1.4216,593,5.97,11381,2,3,81.25,3,12,12,13,22.82,0,0,0,843,26.2506,00:01:52,0.299
17-08-2019,1.3439,567,5.66,10920,0,6,94.44,1,6,11,17,22.55,0,0,5,762,23.0219,00:01:48,0.21
18-08-2019,1.4595,555,6.27,10827,3,0,93.33,1,4,20,14,22.5,0,0,16,810,25.4453,00:01:53,0.191
19-08-2019,1.4007,549,6.12,10114,2,3,100,0,11,5,24,23.77,0,0,-6,769,25.0584,00:01:57,0.201
20-08-2019,1.3817,545,6.42,9651,1,3,100,0,1,7,11,22.37,0,0,6,753,22.6649,00:01:48,0.205
21-08-2019,1.4708,497,6.77,8917,2,1,84.62,2,10,12,11,27.25,0,0,2,731,27.6869,00:02:16,0.201
22-08-2019,1.4392,469,5.74,9253,1,3,100,0,8,15,19,26.23,0,0,7,675,24.9416,00:02:13,0.192
23-08-2019,1.3992,501,6.03,9509,2,0,100,0,10,18,10,27.66,0,0,8,701,26.2071,00:02:14,0.219
24-08-2019,1.3779,606,6,11193,6,5,95,1,12,21,19,24.57,0,0,9,835,27.6116,00:01:59,0.228
25-08-2019,1.434,523,6.19,9424,0,2,100,0,11,13,12,23.74,0,0,2,750,23.9806,00:01:55,0.505
26-08-2019,1.4208,530,6.85,9063,1,0,100,0,8,14,12,23.94,0,0,6,753,24.3987,00:01:56,0.2
27-08-2019,1.3305,472,5.84,8671,0,11,100,0,6,5,11,21.82,0,0,-1,628,18.4861,00:01:45,0.261
28-08-2019,1.369,458,6.08,8407,0,1,92.31,1,1,13,12,23.29,0,0,12,627,19.4459,00:01:51,0.287
29-08-2019,1.3494,581,6.94,9386,1,3,100,0,7,13,20,24.88,0,0,6,784,25.4375,00:01:56,0.299
30-08-2019,1.3275,510,5.98,9164,1,6,90.91,1,14,10,10,23.34,0,0,-4,677,21.3459,00:01:53,0.227
31-08-2019,1.3193,595,6.58,9885,0,2,81.25,3,11,13,13,25.97,0,0,2,785,25.4699,00:01:56,0.355
01-09-2019,1.4438,552,6.62,9894,3,1,100,0,4,6,11,23.38,0,0,2,797,24.8031,00:01:52,0.305
02-09-2019,1.3105,512,6.02,9224,2,1,100,0,7,6,14,27.46,0,0,-1,671,24.108,00:02:09,0.324
03-09-2019,1.3996,538,6.27,9094,0,3,92.86,1,5,9,13,20.62,0,0,4,753,19.7552,00:01:34,0.21
04-09-2019,1.3789,475,6.3,8768,2,3,93.75,1,5,4,15,26.26,0,0,-1,655,23.2315,00:02:07,0.166
05-09-2019,1.3287,499,6.26,8624,0,1,100,0,7,7,9,24.82,0,0,0,663,22.4872,00:02:02,0.428
06-09-2019,1.3026,499,5.83,8940,1,1,87.5,2,2,13,14,24.09,0,0,11,650,20.6413,00:01:54,0.17
07-09-2019,1.4178,596,6.73,9363,0,6,91.67,1,7,10,11,23.15,0,0,3,845,27.145,00:01:55,0.325
08-09-2019,1.4922,510,6.3,8848,2,1,100,0,8,15,5,24.84,0,0,7,761,27.1849,00:02:08,0.444
09-09-2019,1.2457,586,6.81,8639,2,3,100,0,5,11,14,24.07,0,0,6,730,21.6601,00:01:46,0.253
10-09-2019,1.3506,579,6.43,9896,0,3,94.44,1,11,13,17,23.8,0,0,2,782,24.0128,00:01:50,0.216
11-09-2019,1.4689,418,6.11,8424,0,0,100,0,4,11,7,21.82,0,0,7,614,19.4686,00:01:54,0.219
12-09-2019,1.3798,495,6.26,8701,2,0,100,0,12,9,14,24.55,0,0,-3,683,22.9765,00:02:01,0.214
13-09-2019,1.3685,502,5.92,9441,2,2,100,0,6,11,11,23.42,0,0,5,687,21.5523,00:01:52,0.207
14-09-2019,1.3687,499,6.11,9444,0,4,100,0,7,15,12,24.39,0,0,8,683,22.2954,00:01:57,0.138
15-09-2019,1.3838,727,7.27,11649,4,0,100,0,8,9,23,22.72,0,0,1,1006,29.3547,00:01:45,0.25
16-09-2019,1.3441,648,6.61,10560,1,0,100,0,7,12,22,24.61,0,0,5,871,27.4697,00:01:53,0.263
17-09-2019,1.3483,603,6.5,10603,1,5,100,0,9,12,7,26.92,0,0,3,813,28.1302,00:02:04,0.361
18-09-2019,1.3459,503,6.49,8567,1,3,88.24,2,10,6,15,22.29,0,0,-4,677,20.7882,00:01:50,0.278
19-09-2019,1.41,461,6.1,8472,1,0,95.24,1,9,13,20,23.12,0,0,4,650,21.8799,00:02:01,0.298
20-09-2019,1.3792,501,6.35,9195,0,0,100,0,9,18,8,24.8,0,0,9,691,24.0417,00:02:05,0.38
21-09-2019,1.4414,478,6.27,8913,1,1,116.67,-1,11,12,7,23.85,0,0,1,689,22.7343,00:01:58,0.359
22-09-2019,1.4879,455,5.96,8965,2,1,100,0,5,10,11,22.62,0,0,5,677,22.7633,00:02:01,0.367
23-09-2019,1.3782,714,6.43,10147,24,4,100,0,12,10,80,33.62,1,1,-2,984,51.7989,00:03:09,0.989
24-09-2019,1.3243,1742,6.44,24890,35,5,99.45,1,14,13,180,37.38,0,0,-1,2307,142.6535,00:03:42,1.943
25-09-2019,1.4527,1765,5.97,31918,9,4,98.25,2,6,33,112,33.76,0,0,27,2564,142.9228,00:03:20,2.048
26-09-2019,1.4332,1699,5.86,31100,10,1,98.04,2,2,36,100,30.99,0,0,34,2435,124.9531,00:03:04,1.772
27-09-2019,1.4864,1065,5.88,19982,8,0,98.31,1,10,25,58,29.87,0,0,15,1583,77.8884,00:02:57,0.887
28-09-2019,1.4239,802,5.53,15361,2,3,90.48,2,9,14,19,27.17,0,0,5,1142,48.4669,00:02:32,0.712
29-09-2019,1.3601,722,5.72,13749,1,2,100,0,7,12,27,26.95,0,0,5,982,40.4794,00:02:28,0.374
30-09-2019,1.4848,755,5.61,15571,6,5,94.87,2,5,20,37,29.28,0,0,15,1121,51.1597,00:02:44,0.459
01-10-2019,1.3476,2624,8.22,31161,56,3,99.4,2,21,24,330,38.15,1,1,3,3536,167.9446,00:02:50,2.486
02-10-2019,1.4125,3544,7.72,50073,24,5,97.63,6,14,43,247,32.1,0,0,29,5006,199.6118,00:02:23,2.628
03-10-2019,1.4863,1602,6.7,27463,3,1,98.81,1,4,30,83,32.8,0,0,26,2381,105.711,00:02:39,1.206
04-10-2019,1.3526,1503,6.43,24711,2,5,97.3,2,6,20,72,29.98,0,0,14,2033,81.542,00:02:24,1.126
05-10-2019,1.396,1361,6.57,22311,0,1,100,0,8,28,63,29.28,0,0,20,1900,72.5484,00:02:17,0.799
06-10-2019,1.4129,838,6.04,14973,8,2,93.94,2,3,12,31,28.27,0,0,9,1184,46.1652,00:02:20,0.534
07-10-2019,1.4237,786,6.76,13439,2,2,100,0,3,13,23,28.5,0,0,10,1119,43.4172,00:02:19,0.433
08-10-2019,1.5132,721,6.39,13192,0,3,92.86,1,4,15,13,25.78,0,0,11,1091,39.3224,00:02:09,0.373
09-10-2019,1.3106,1262,6.39,17945,30,4,99.24,1,13,14,131,23.72,1,1,1,1654,60.0507,00:02:10,1.065
10-10-2019,1.4228,596,6.09,10832,5,2,95.83,1,8,7,23,26.42,0,0,-1,848,31.3549,00:02:13,0.483
11-10-2019,1.4845,483,6.17,9234,1,1,94.44,1,10,8,17,27.12,0,0,-2,717,27.5753,00:02:18,0.313
12-10-2019,1.4717,513,6.35,9064,4,3,94.12,1,5,15,16,26.17,0,0,10,755,28.6968,00:02:16,0.997
13-10-2019,1.5032,467,6.47,8871,1,3,93.33,1,5,3,14,23.65,0,0,-2,702,23.4565,00:02:00,0.329
14-10-2019,1.648,446,6.54,8777,6,3,100,0,8,9,14,22.4,0,0,1,735,23.389,00:01:54,0.443
15-10-2019,1.3605,491,6.27,8369,1,1,100,0,7,10,17,24.32,0,0,3,668,22.0998,00:01:59,0.296
16-10-2019,1.3913,460,5.98,8442,2,2,96.15,1,6,14,25,26.42,0,0,8,640,22.3195,00:02:05,0.287
17-10-2019,1.3817,372,5.23,8223,0,2,100,0,3,9,3,26.83,0,0,6,514,19.1046,00:02:13,0.342
18-10-2019,1.4867,415,6.02,7974,5,2,57.14,3,3,7,4,22.85,0,0,4,617,19.5238,00:01:53,0.289
19-10-2019,1.3979,475,6.38,8688,1,0,100,0,6,12,13,24,0,0,6,664,21.5379,00:01:56,0.295
20-10-2019,1.6156,398,5.81,8277,1,0,100,0,2,4,7,23.33,0,0,2,643,21.403,00:01:59,0.241
21-10-2019,1.5634,355,6.01,7089,1,2,,1,12,13,-1,25.91,0,0,1,555,20.2166,00:02:11,0.186
22-10-2019,1.4653,389,6.21,7718,2,0,95.83,1,3,11,23,25.45,0,0,8,570,20.4368,00:02:09,0.168
23-10-2019,1.61,482,6.2,9400,2,0,94.44,1,4,13,17,24.47,0,0,9,776,27.1123,00:02:05,0.319
24-10-2019,1.5152,394,5.82,8363,3,1,75,1,4,6,3,27.83,0,0,2,597,23.3236,00:02:20,0.216
25-10-2019,1.6747,458,6.47,9801,1,0,92.31,1,6,12,12,23.49,0,0,6,767,24.7843,00:01:56,0.246
26-10-2019,1.4563,423,6.33,8166,0,1,100,0,6,9,15,24.73,0,0,3,616,22.0605,00:02:08,0.242
27-10-2019,1.3821,369,6.25,7020,1,1,100,0,6,6,8,27.24,0,0,0,510,18.4299,00:02:10,0.155
28-10-2019,1.4548,431,6.07,8472,1,2,92.31,1,4,12,12,24.11,0,0,8,627,20.5636,00:01:58,0.182
29-10-2019,1.4473,427,5.9,8336,4,2,83.33,2,5,11,10,29.89,0,0,6,618,25.1189,00:02:26,0.195
30-10-2019,1.5561,401,6.48,8242,3,0,92.31,1,2,8,12,25.08,0,0,6,624,21.7493,00:02:05,0.281
31-10-2019,1.5022,456,6.75,8448,1,1,100,0,10,10,12,26.61,0,0,0,685,25.2842,00:02:12,0.253
01-11-2019,1.443,465,6.18,8916,2,5,100,0,11,5,7,22.47,0,0,-6,671,21.1497,00:01:53,0.14
02-11-2019,1.4146,492,6.3,9160,0,4,80,1,9,15,4,27.23,0,0,6,696,26.6397,00:02:17,0.213
03-11-2019,1.6169,449,5.92,9977,0,1,89.47,2,5,10,17,24.3,0,0,5,726,26.2047,00:02:09,0.279
04-11-2019,1.449,412,6.14,7764,0,0,93.75,1,6,6,15,21.54,0,0,0,597,18.4326,00:01:51,0.162
05-11-2019,1.4107,392,6.24,7338,3,0,100,0,2,13,14,24.26,0,0,11,553,19.0542,00:02:04,0.216
06-11-2019,1.586,401,6.31,7831,1,2,100,0,7,6,2,25.02,0,0,-1,636,23.3996,00:02:12,0.173
07-11-2019,1.3509,399,5.93,7467,3,1,100,0,8,11,10,22.98,0,0,3,539,17.5735,00:01:57,0.156
08-11-2019,1.3516,475,6.44,8460,1,4,86.67,2,5,10,13,24.48,0,0,5,642,20.9152,00:01:57,0.232
09-11-2019,1.5598,493,6.27,9823,0,3,100,0,4,10,13,22.18,0,0,6,769,23.4651,00:01:49,0.563
10-11-2019,1.407,484,6.05,9707,0,0,100,0,6,12,19,23.45,0,0,6,681,22.1356,00:01:57,0.328
11-11-2019,1.4735,490,6.16,9626,2,1,100,0,4,17,25,26.84,0,0,13,722,27.5696,00:02:17,0.244
12-11-2019,1.4175,491,6.62,8900,1,1,100,0,3,10,13,23.52,0,0,7,696,22.4569,00:01:56,0.163
13-11-2019,1.3929,364,5.79,7249,3,2,100,0,3,7,6,25.01,0,0,4,507,17.5928,00:02:04,0.391
14-11-2019,1.4627,415,6.26,7401,1,1,100,0,3,11,17,23.88,0,0,8,607,21.0427,00:02:04,0.296
15-11-2019,1.536,431,6.28,8589,0,2,100,0,3,10,7,23.59,0,0,7,662,21.9036,00:01:59,0.177
16-11-2019,1.4505,455,6.42,8738,1,2,100,0,5,9,16,24.25,0,0,4,660,22.6374,00:02:03,0.326
17-11-2019,1.4925,398,5.78,8421,1,3,100,0,5,17,17,27.66,0,0,12,594,22.5245,00:02:16,0.262
18-11-2019,1.3592,373,5.85,7242,2,1,91.67,1,5,7,11,21.95,0,0,2,507,15.2179,00:01:48,0.175
19-11-2019,1.4029,412,6.29,7708,0,4,100,0,2,8,14,24.44,0,0,6,578,20.4651,00:02:07,0.322
20-11-2019,1.4372,398,6.24,7403,1,1,100,0,5,14,20,22.81,0,0,9,572,18.5665,00:01:56,0.103
21-11-2019,1.3692,428,6.36,7307,0,5,92.86,1,4,8,13,25.54,0,0,4,586,20.7821,00:02:07,0.197
22-11-2019,1.5183,409,6.3,8037,4,0,93.75,1,1,5,15,26.45,0,0,4,621,23.1593,00:02:14,0.293
23-11-2019,1.2693,505,6.18,8365,0,2,100,0,7,8,5,23.49,0,0,1,641,19.5216,00:01:49,0.251
24-11-2019,1.4142,466,5.82,8809,2,3,100,0,9,8,18,24.25,0,0,-1,659,21.7038,00:01:58,0.257
25-11-2019,1.3796,461,5.93,8615,2,1,100,0,5,9,9,23.33,0,0,4,636,21.2075,00:02:00,0.268
26-11-2019,1.3371,448,5.28,8877,4,2,100,0,6,12,14,21,0,0,6,599,17.6484,00:01:46,0.327
27-11-2019,1.4167,468,5.88,9206,1,0,85.71,2,0,3,12,27.18,0,0,3,663,24.3525,00:02:12,0.555
28-11-2019,1.3237,448,5.65,8791,1,2,83.33,2,3,6,10,23.73,0,0,3,593,18.1456,00:01:50,0.153
29-11-2019,1.3222,360,5.16,7467,2,1,91.67,1,7,7,11,23.9,0,0,0,476,15.6104,00:01:58,0.13
30-11-2019,1.3753,421,5.73,8078,1,0,80,1,7,8,4,21.04,0,0,1,579,16.526,00:01:42,0.131
01-12-2019,1.4206,428,5.97,8810,2,0,90,1,5,14,9,26.03,0,0,9,608,21.0277,00:02:04,0.296
02-12-2019,1.4706,408,6.6,7545,1,0,100,0,4,12,12,21.66,0,0,8,600,17.8464,00:01:47,0.331
03-12-2019,1.4029,350,5.95,7024,0,0,100,0,7,8,11,23.59,0,0,1,491,16.3818,00:02:00,0.268
04-12-2019,1.2065,368,5.93,6171,1,0,100,0,8,8,7,21.66,0,0,0,444,13.7267,00:01:51,0.213
05-12-2019,1.3859,355,6.54,6411,2,2,90,1,4,10,9,22.85,0,0,6,492,15.9388,00:01:56,0.228
06-12-2019,1.3554,332,5.45,6494,1,0,100,0,7,7,8,25.05,0,0,0,450,15.7762,00:02:06,0.239
07-12-2019,1.4939,409,6.62,7503,3,0,100,0,7,11,12,25.51,0,0,4,611,22.7099,00:02:13,0.176
08-12-2019,1.2826,322,5.75,5908,1,2,100,0,0,10,9,27.28,0,0,10,413,15.5408,00:02:15,0.182
09-12-2019,1.3616,354,6.12,6749,4,2,100,0,10,13,8,23.46,0,0,3,482,16.7355,00:02:04,0.201
10-12-2019,1.4273,337,5.89,6464,3,1,100,0,6,6,12,21.01,0,0,0,481,15.7466,00:01:57,0.396
11-12-2019,1.3973,297,5.82,5966,1,1,100,0,6,6,15,21.33,0,0,0,415,12.6125,00:01:49,0.207
12-12-2019,1.4594,394,6.42,7176,0,0,100,0,4,10,10,22.36,0,0,6,575,19.6809,00:02:03,0.212
13-12-2019,1.3766,316,5.47,6614,1,0,100,0,3,6,5,21.02,0,0,3,435,14.1674,00:01:57,0.091
14-12-2019,1.5956,361,6.47,6959,0,3,87.5,1,5,12,7,22.81,0,0,7,576,19.5103,00:02:01,0.353
15-12-2019,1.4073,383,6.42,7045,0,2,100,0,6,12,9,21.89,0,0,6,539,17.0444,00:01:53,0.312
16-12-2019,1.2833,360,6.01,6437,1,1,100,0,4,9,25,24.4,0,0,5,462,15.7795,00:02:02,0.159
17-12-2019,1.3839,461,6.41,7975,3,1,100,0,9,19,21,27.38,0,0,10,638,26.1364,00:02:27,0.173
18-12-2019,1.3033,422,5.97,7465,0,4,100,0,6,9,17,25.87,0,0,3,550,19.9205,00:02:10,0.166
19-12-2019,1.4677,372,5.92,7113,2,1,100,0,7,6,11,24.9,0,0,-1,546,20.3394,00:02:14,0.165
20-12-2019,1.4675,385,6,7622,2,0,77.78,2,6,3,7,23.15,0,0,-3,565,19.1583,00:02:02,0.224
21-12-2019,1.6223,376,6.06,7439,1,8,100,0,8,4,13,21.35,0,0,-4,610,20.9337,00:02:03,0.322
22-12-2019,1.5186,403,6.78,7451,1,1,100,0,5,15,16,23.47,0,0,10,612,21.4721,00:02:06,0.278
23-12-2019,1.2938,422,6.31,7512,0,1,92.31,1,3,12,12,22.35,0,0,9,546,17.4512,00:01:55,0.191
24-12-2019,1.4256,336,5.75,6829,0,0,100,0,9,9,6,24.07,0,0,0,479,17.0596,00:02:08,0.211
25-12-2019,1.3841,328,5.65,6724,1,0,100,0,4,15,1,18.46,0,0,11,454,13.1259,00:01:44,0.198
26-12-2019,1.4755,387,5.88,7671,0,5,100,0,4,14,11,19.87,0,0,10,571,17.7762,00:01:52,0.16
27-12-2019,1.4021,378,5.86,7301,2,0,100,0,7,14,13,20.9,0,0,7,530,17.409,00:01:58,0.3
28-12-2019,1.4816,407,6.43,7698,1,2,90,1,5,13,9,23.91,0,0,8,603,21.5469,00:02:08,0.275
29-12-2019,1.4973,366,5.88,7501,0,0,100,0,8,11,20,23.15,0,0,3,548,20.9962,00:02:17,0.185
30-12-2019,1.4191,377,6.11,6690,1,0,100,0,2,8,18,23.84,0,0,6,535,18.7334,00:02:06,0.222
31-12-2019,1.4294,326,5.69,6237,2,9,100,0,7,3,12,22.15,0,0,-4,466,15.9874,00:02:03,0.224
01-01-2020,1.546,359,5.69,7275,5,2,100,0,11,6,12,20.42,0,0,-5,555,17.9359,00:01:56,0.123
02-01-2020,1.4785,441,6.24,8259,0,2,100,0,6,10,8,18.52,0,0,4,652,18.4861,00:01:42,0.11
03-01-2020,1.4279,437,6.69,7949,1,0,100,0,9,8,12,20.3,0,0,-1,624,19.0672,00:01:50,0.118
04-01-2020,1.5357,448,6.53,8542,0,7,92.86,1,6,18,13,22.45,0,0,12,688,23.1587,00:02:01,0.185
05-01-2020,1.5283,441,6.59,8603,1,4,100,0,10,11,12,18.78,0,0,1,674,19.3832,00:01:43,0.113
06-01-2020,1.5049,408,6.73,7336,2,1,100,0,1,12,14,22.67,0,0,11,614,21.7088,00:02:07,0.07
07-01-2020,1.4975,402,6.66,7592,3,2,93.75,1,6,14,15,23.35,0,0,8,602,20.6437,00:02:03,0.153
08-01-2020,1.5103,390,6.32,7203,2,0,100,0,4,6,20,22.61,0,0,2,589,20.4227,00:02:04,0.075
09-01-2020,1.5246,345,6.14,6861,1,3,100,0,4,6,9,21.45,0,0,2,526,17.4143,00:01:59,0.161
10-01-2020,1.5,310,5.83,6515,0,3,93.33,1,5,3,14,23.65,0,0,-2,465,16.6785,00:02:09,0.076
11-01-2020,1.4923,392,6.11,7975,1,1,100,0,2,10,23,23.46,0,0,8,585,20.2879,00:02:04,0.15
12-01-2020,1.6129,341,6.37,7284,2,0,100,0,4,5,15,22,0,0,1,550,19.5985,00:02:08,0.147
13-01-2020,1.5179,336,6.47,6819,1,2,85.71,1,3,9,6,23.59,0,0,6,510,18.5183,00:02:10,0.109
14-01-2020,1.4029,350,5.92,6668,1,0,92.31,1,5,9,12,22.72,0,0,4,491,17.4966,00:02:08,0.214
15-01-2020,1.4525,400,6.98,6973,0,1,95.65,1,0,10,22,22.91,0,0,10,581,19.5737,00:02:01,0.1
16-01-2020,1.5024,414,7.09,7463,1,3,100,0,8,8,8,21.31,0,0,0,622,20.2615,00:01:57,0.134
17-01-2020,1.4332,307,5.68,6444,0,0,100,0,6,11,8,22.97,0,0,5,440,15.8393,00:02:09,0.144
18-01-2020,1.4444,351,5.64,7504,2,2,100,0,9,8,7,24.03,0,0,-1,507,17.8476,00:02:06,0.106
19-01-2020,1.393,341,5.88,6703,0,5,100,0,2,3,9,22.77,0,0,1,475,15.9744,00:02:01,0.134
20-01-2020,1.4634,328,6.29,6156,1,2,100,0,4,9,16,25.33,0,0,5,480,18.8545,00:02:21,0.444
21-01-2020,1.4338,325,5.76,6545,1,0,100,0,6,6,7,22.7,0,0,0,466,16.3751,00:02:06,0.092
22-01-2020,1.4532,331,6.72,5969,0,0,92.31,1,1,5,12,24.41,0,0,4,481,17.7372,00:02:12,0.172
23-01-2020,1.4972,358,6.67,6656,1,2,100,0,6,9,9,21.82,0,0,3,536,18.074,00:02:01,0.165
24-01-2020,1.3323,322,6.28,5588,0,1,83.33,1,4,7,5,20.4,0,0,3,429,12.6614,00:01:46,0.069
25-01-2020,1.5913,323,6.01,6974,2,3,100,0,5,7,3,24.1,0,0,2,514,19.6556,00:02:17,0.187
26-01-2020,1.4017,346,6.4,6333,2,1,93.33,1,7,10,14,22.44,0,0,3,485,16.5889,00:02:03,0.133
27-01-2020,1.5413,351,6.62,6370,0,0,100,0,5,18,2,20.85,0,0,13,541,17.3466,00:01:55,0.102
28-01-2020,1.408,299,6.2,5352,0,1,100,0,2,1,11,17.87,0,0,-1,421,12.2403,00:01:44,0.077
29-01-2020,1.5417,288,6.17,5834,0,1,100,0,8,5,18,19.54,0,0,-3,444,13.1026,00:01:46,0.112
30-01-2020,1.5736,265,6.44,5105,2,0,100,0,11,7,5,20.04,0,0,-4,417,13.1985,00:01:53,0.182
31-01-2020,1.4784,301,6.67,5307,1,2,100,0,2,8,8,20.92,0,0,6,445,14.0711,00:01:53,0.186
01-02-2020,1.3094,307,5.92,5742,0,0,100,0,1,6,9,20.82,0,0,5,402,11.3068,00:01:41,0.05
02-02-2020,1.4662,296,5.76,6247,0,1,100,0,8,7,7,21.28,0,0,-1,434,13.4183,00:01:51,0.097
03-02-2020,1.4479,259,5.66,5686,2,0,100,0,8,7,13,23.1,0,0,-1,375,13.1512,00:02:06,0.097
04-02-2020,1.4256,289,6.14,5472,0,2,100,0,7,11,11,22.03,0,0,4,412,13.427,00:01:57,0.139
05-02-2020,1.5126,277,6,5836,0,0,100,0,5,6,6,21.48,0,0,1,419,14.2401,00:02:02,0.137
06-02-2020,1.4919,307,6.51,5716,0,1,93.33,1,2,9,14,20.71,0,0,7,458,15.3478,00:02:00,0.103
07-02-2020,1.5836,365,7.01,6786,3,3,100,0,10,10,6,25.18,0,0,0,578,21.941,00:02:16,0.132
08-02-2020,1.4135,399,6.43,7071,1,1,100,0,10,18,11,18.75,0,0,8,564,15.783,00:01:40,0.079
09-02-2020,1.4943,263,5.47,5832,0,0,100,0,4,10,15,21.71,0,0,6,393,13.0987,00:01:59,0.056
10-02-2020,1.4631,298,6.26,5765,0,4,100,0,2,8,6,19.62,0,0,6,436,13.3439,00:01:50,0.166
11-02-2020,1.4033,305,6.21,5391,1,1,100,0,3,10,11,22.34,0,0,7,428,14.9609,00:02:05,0.081
12-02-2020,1.6071,336,6.59,6295,1,2,100,0,4,5,22,23.59,0,0,1,540,20.3578,00:02:15,0.177
13-02-2020,1.3672,305,5.81,5744,2,1,100,0,1,7,8,20.59,0,0,6,417,12.5857,00:01:48,0.094
14-02-2020,1.3481,270,5.76,5124,0,1,100,0,6,3,11,22.64,0,0,-3,364,12.1166,00:01:59,0.087
15-02-2020,1.5078,319,5.95,6523,0,1,83.33,1,9,8,5,19.55,0,0,-1,481,13.9448,00:01:44,0.107
16-02-2020,1.5071,353,7.13,6349,2,0,90,1,5,10,9,21.77,0,0,5,532,18.0929,00:02:02,0.271
17-02-2020,1.544,364,6.78,6623,0,2,100,0,2,11,17,22.81,0,0,9,562,19.392,00:02:04,0.169
18-02-2020,1.3684,304,5.81,5849,1,2,100,0,5,9,3,21.18,0,0,4,416,13.1492,00:01:53,0.153
19-02-2020,1.4257,303,6.22,5928,2,5,81.82,2,4,6,9,22.76,0,0,2,432,14.16,00:01:58,0.131
20-02-2020,1.3619,362,6.29,6660,0,0,100,0,3,11,16,26,0,0,8,493,18.7629,00:02:17,0.177
21-02-2020,1.5,360,5.98,7154,1,2,100,0,8,13,13,23.76,0,0,5,540,19.8462,00:02:12,0.144
22-02-2020,1.4911,393,6.79,6852,1,2,92.86,1,11,13,13,21.81,0,0,2,586,20.0876,00:02:03,0.158
23-02-2020,1.5365,384,7.32,6803,0,0,100,0,5,9,13,19.91,0,0,4,590,17.791,00:01:48,0.165
24-02-2020,1.5627,327,6.43,6745,1,1,100,0,5,6,17,21.08,0,0,1,511,17.1071,00:02:00,0.113
25-02-2020,1.5881,352,6.25,7183,1,8,100,0,6,15,8,23.05,0,0,9,559,20.7664,00:02:13,0.141
26-02-2020,1.5916,333,6.4,6627,0,0,100,0,5,16,14,24.56,0,0,11,530,20.3339,00:02:18,0.206
27-02-2020,1.4485,359,6.31,6693,0,0,92.31,1,14,13,12,22.35,0,0,-1,520,18.1207,00:02:05,0.12
28-02-2020,1.6205,332,6.12,6947,5,11,87.5,1,6,12,7,22.78,0,0,6,538,18.0896,00:02:01,0.059
29-02-2020,1.5075,333,5.85,6798,2,1,100,0,7,9,8,21.86,0,0,2,502,16.9463,00:02:01,0.135
01-03-2020,1.6288,326,6.43,6715,0,1,95.24,1,6,9,20,25.76,0,0,3,531,21.5415,00:02:26,0.1
02-03-2020,1.4755,368,6.78,6594,0,0,,0,6,5,0,20.86,0,0,-1,543,17.5559,00:01:56,0.122
03-03-2020,1.3478,345,6.09,6145,3,4,100,0,6,5,8,18.79,0,0,-1,465,13.8194,00:01:46,0.094
04-03-2020,1.6254,315,6.2,6773,0,0,100,0,5,12,14,22.65,0,0,7,512,18.7298,00:02:11,0.102
05-03-2020,1.4649,299,5.98,5672,0,0,100,0,5,8,9,20.71,0,0,3,438,13.8855,00:01:54,0.076
06-03-2020,1.6287,307,6.03,6488,2,1,96.3,1,6,11,26,24.19,0,0,5,500,18.5646,00:02:13,0.108
07-03-2020,1.5152,361,6.54,6716,2,3,94.74,1,6,6,18,21.3,0,0,0,547,17.4643,00:01:54,0.072
08-03-2020,1.5452,310,5.83,6924,2,0,100,0,9,8,9,26.41,0,0,-1,479,18.5198,00:02:19,0.121
09-03-2020,1.5143,315,5.99,6298,1,0,100,0,7,9,9,25.36,0,0,2,477,17.4329,00:02:11,0.096
10-03-2020,1.6417,321,6.68,6051,2,2,100,0,5,8,8,23.39,0,0,3,527,20.2446,00:02:18,0.077
11-03-2020,1.6159,328,6.21,6635,0,1,100,0,0,7,4,21.92,0,0,7,530,17.5291,00:01:59,0.049
12-03-2020,1.4877,326,6.41,5941,0,3,91.67,1,6,8,11,25.22,0,0,2,485,18.5291,00:02:17,0.066
13-03-2020,1.51,400,7.04,6763,3,2,100,0,4,10,15,21.03,0,0,6,604,18.7212,00:01:51,0.002
14-03-2020,1.6534,401,6.75,8069,0,1,100,0,7,11,18,26.63,0,0,4,663,27.5854,00:02:29,0.01
15-03-2020,1.7745,368,6.72,7680,2,1,100,0,7,12,15,20.53,0,0,5,653,22.2599,00:02:02,0.003
16-03-2020,1.6192,365,6.23,7484,4,5,100,0,7,14,15,22.1,0,0,7,591,22.0466,00:02:14,0.001
17-03-2020,1.6046,392,6.76,7362,1,8,87.5,2,6,12,14,25.66,0,0,6,629,25.3473,00:02:25,0
18-03-2020,1.6889,389,6.14,8563,0,1,94.12,1,6,16,16,23.45,0,0,10,657,25.2992,00:02:18,0.001
19-03-2020,1.6081,393,5.75,8231,1,5,100,0,7,13,13,23.95,0,0,6,632,25.7033,00:02:26,0
20-03-2020,1.6963,326,5.96,6880,5,2,100,0,8,9,12,25.95,0,0,1,553,25.0488,00:02:43,0.006
21-03-2020,1.8651,415,6.87,8587,5,6,100,0,7,21,35,28.28,0,0,14,774,37.4419,00:02:54,0.01
22-03-2020,1.5957,512,6.64,8922,0,1,100,0,3,17,8,26.55,0,0,14,817,36.4954,00:02:40,0
23-03-2020,1.6752,505,6.64,9685,2,0,95.45,1,2,19,21,23.75,0,0,17,846,35.78,00:02:32,0.001
24-03-2020,1.7481,532,6.62,11026,2,1,97.06,1,7,15,33,24.18,0,0,8,930,39.9332,00:02:34,0
25-03-2020,1.6557,636,7.09,11654,4,10,93.94,2,10,28,31,24.3,0,0,18,1053,45.5656,00:02:35,0.001
26-03-2020,1.8104,617,6.76,12791,5,0,95.83,1,3,16,23,24.26,0,0,13,1117,47.4448,00:02:32,0.004
27-03-2020,1.6915,671,6.9,13456,2,10,97.14,1,15,39,34,25.61,0,0,24,1135,51.9273,00:02:44,0.006
28-03-2020,1.7731,661,6.75,13491,1,9,96.3,1,7,20,26,24.61,0,0,13,1172,52.819,00:02:42,0.006
29-03-2020,1.7248,614,6.23,13473,7,4,96.67,1,8,32,29,23.81,0,0,24,1059,45.4926,00:02:34,0.002
30-03-2020,1.6897,667,6.74,13143,2,4,100,0,8,24,25,23.69,0,0,16,1127,47.4359,00:02:31,0.008
31-03-2020,1.6367,2144,7.02,34767,101,11,99.15,3,24,48,349,31.17,1,1,24,3509,196.2353,00:03:21,0.015
01-04-2020,1.6724,2265,6.94,43927,19,13,100,0,18,74,235,29.85,0,0,56,3788,198.192,00:03:08,0.017
02-04-2020,1.6805,3912,7.25,74838,30,31,98.49,6,10,135,391,30.14,0,0,125,6574,349.2694,00:03:11,0.82
03-04-2020,1.6399,5835,7.12,110925,17,28,98.91,6,14,197,542,30.19,0,0,183,9569,508.4378,00:03:11,1.701
04-04-2020,1.62,6771,6.47,137881,32,30,99.05,5,17,199,520,30.4,0,0,182,10969,583.1728,00:03:11,1.607
05-04-2020,1.5106,11335,5.94,231015,27,35,97.98,13,20,287,630,28.33,0,0,267,17123,837.5345,00:02:56,1.633
06-04-2020,1.6048,12107,6.7,229546,42,36,97.67,18,22,351,755,28.37,0,0,329,19429,929.0794,00:02:52,1.997
07-04-2020,1.5645,13303,6.79,245837,86,52,98.44,15,48,305,946,30.86,1,1,257,20812,1027.2406,00:02:57,3.143
08-04-2020,1.5317,14167,6.72,259860,53,59,97.45,23,23,352,880,30.72,0,0,329,21699,1013.6158,00:02:48,3.163
09-04-2020,1.4613,20106,6.91,342867,52,89,97.23,30,31,487,1054,30.75,0,0,456,29381,1301.3927,00:02:39,4.438
10-04-2020,1.4814,17275,6.78,299587,53,50,97.47,24,52,379,925,29.08,0,0,327,25591,1115.5265,00:02:36,4.954
11-04-2020,1.4912,13684,6.51,247477,35,45,96.4,27,35,331,723,28.75,0,0,296,20406,887.626,00:02:36,3.649
12-04-2020,1.4452,11463,6.52,201979,23,39,97.4,16,29,218,599,29.32,0,0,189,16566,704.7571,00:02:33,2.473
13-04-2020,1.4445,12236,6.51,214307,41,42,95.94,23,29,237,543,28.55,0,0,208,17675,736.9601,00:02:30,2.994
14-04-2020,1.5346,11108,6.4,207673,174,55,98.17,20,45,279,1075,30.15,1,1,234,17046,874.4696,00:03:04,2.682
15-04-2020,1.5446,9257,6.44,174511,82,43,98.2,11,11,226,601,30.99,0,0,215,14298,698.7409,00:02:55,1.805
16-04-2020,1.5557,7939,6.38,151998,36,30,97.53,13,19,187,513,30.72,0,0,168,12351,595.9575,00:02:53,1.292
17-04-2020,1.6013,6483,6.25,129298,53,29,98.98,5,30,189,486,29.54,0,0,159,10381,516.0593,00:02:58,1.413
18-04-2020,1.6982,5838,6.14,126287,46,30,98.6,7,21,245,494,29.09,0,0,224,9914,507.8912,00:03:04,1.206
19-04-2020,1.6148,6210,6.32,125167,46,30,98.03,9,26,238,448,29.5,0,0,212,10028,499.493,00:02:59,0.95
20-04-2020,1.5709,7835,6.59,148504,55,38,97.95,12,36,295,573,30.72,0,0,259,12308,603.3319,00:02:56,1.509
21-04-2020,1.5724,8302,6.39,161153,73,46,98.49,11,21,403,718,29.6,0,0,382,13054,668.303,00:03:04,1.102
22-04-2020,1.5966,8897,6.33,176802,72,45,98.94,8,40,468,749,27.59,0,0,428,14205,704.8692,00:02:58,1.406
23-04-2020,1.583,10154,6.35,201382,68,49,98.55,12,51,494,818,28.25,0,0,443,16074,782.9737,00:02:55,1.576
24-04-2020,1.6278,8485,6.29,171220,52,51,98.22,14,33,473,774,27.18,0,0,440,13812,696.2633,00:03:01,1.614
25-04-2020,1.6181,14469,6.66,272790,238,78,98.67,24,78,667,1784,31.28,1,1,589,23413,1296.6435,00:03:19,3.263
26-04-2020,1.5678,15098,6,306393,143,78,98.42,22,62,642,1367,31.24,0,0,580,23670,1293.9541,00:03:16,3.071
27-04-2020,1.6414,12433,5.65,278552,119,58,98.61,16,42,705,1133,29.09,0,0,663,20408,1121.6348,00:03:17,2.723
28-04-2020,1.6619,11600,5.62,262950,90,57,98.57,15,55,616,1036,28.22,0,0,561,19278,1029.9389,00:03:12,2.618
29-04-2020,1.5937,11148,5.57,245292,79,54,98.31,17,63,619,986,27.17,0,0,556,17767,920.4398,00:03:06,2.654
30-04-2020,1.6366,10268,5.64,226161,82,75,98.07,16,57,567,813,27.25,0,0,510,16805,869.8793,00:03:06,1.949
01-05-2020,1.6722,10354,5.98,213931,241,76,99.07,13,58,415,1378,29.14,1,1,357,17314,929.188,00:03:13,2.463
02-05-2020,1.7496,7747,5.85,168355,112,64,98.67,11,49,312,816,29.9,0,0,263,13554,725.4565,00:03:12,2.087
03-05-2020,1.7639,5628,5.94,120922,50,38,98.59,8,43,259,561,29.16,0,0,216,9927,548.2715,00:03:18,1.35
04-05-2020,1.72,5407,5.88,118443,42,48,97.76,10,38,274,436,28.8,0,0,236,9300,502.9807,00:03:14,1.306
05-05-2020,1.7853,4382,6,96526,49,13,98.45,6,29,212,382,29.01,0,0,183,7823,434.6962,00:03:20,1.189
06-05-2020,1.8067,4288,6.16,93017,51,20,98.31,6,37,224,350,27.27,0,0,187,7747,407.7786,00:03:09,1.032
07-05-2020,1.7682,4124,6.11,87196,49,28,98.66,5,38,221,369,27.12,0,0,183,7292,385.4944,00:03:10,0.818
08-05-2020,1.83,4052,6.28,86270,59,31,99.05,3,34,212,314,27.83,0,0,178,7415,392.1796,00:03:10,1.023
09-05-2020,1.7038,4406,6.19,90654,42,26,97.47,10,22,246,386,25.95,0,0,224,7507,384.7154,00:03:04,0.98
10-05-2020,1.6069,7215,6.27,130877,159,48,99.08,10,54,242,1081,30.4,1,1,188,11594,708.7736,00:03:40,2.959
11-05-2020,1.6376,6219,5.73,128335,56,49,98.86,7,38,224,606,28.03,0,0,186,10184,570.5379,00:03:21,1.649
12-05-2020,1.7221,4847,6.09,99658,36,29,98.47,7,35,230,450,28.19,0,0,195,8347,465.9996,00:03:20,1.217
13-05-2020,1.8082,4733,6.19,100656,61,56,98.25,8,39,280,450,26.76,0,0,241,8558,453.3748,00:03:10,2.228
14-05-2020,1.7337,4582,6.13,95347,39,27,99.07,4,29,226,425,26.88,0,0,197,7944,419.6403,00:03:10,0.982
Show­ing top 500 res­ults,,,,,,,,,,,,,,,,,,,
